{"id": "767135333966182437", "name": "Torii Gate Illustration", "description": "<h1>Torii Gate Icon Illustration</h1><p>This is just a fun illustration of a torii gate which uses boolean operations, to create a complex illustration that appears simple at first glance. I figured I'd share this in case someone could learn about boolean operations from the layer structure of this project.</p>", "version_id": "13907", "version": "17", "created_at": "2019-10-18T21:21:56.301Z", "duplicate_count": 155, "like_count": 9, "thumbnail_url": "https://s3-alpha.figma.com/hub/file/509002625/2818d202-2165-4bc2-9128-d05ce2f47d51-cover.png", "redirect_canvas_url": "/community/file/767135333966182437/canvas", "community_publishers": ["199306"], "publisher": {"id": "199306", "profile_handle": "1", "follower_count": 510, "following_count": 53, "primary_user_id": "476961500878855530", "name": "\u30a2\u30f3\u30c9\u30ea\u30e5\u30fc", "img_url": "https://s3-alpha.figma.com/profile/677fd5cb-188c-4bb9-a7c5-661234cc87df", "badges": []}, "support_contact": null, "creator": {"id": "476961500878855530", "handle": "\u30a2\u30f3\u30c9\u30ea\u30e5\u30fc", "img_url": "https://s3-alpha.figma.com/profile/677fd5cb-188c-4bb9-a7c5-661234cc87df"}, "tags": ["illustration", "japan", "remixme", "shinto", "svg", "torii"], "badges": [], "related_content": {"content": ["911320742349428744", "915647337333327091", "842917001273016668"], "types": ["by_creator"]}}